Year ending December,Police Region,Local Government Area,Incidents Recorded,"Rate per 100,000 population",Rate,LGA_Code
2018,1 NORTH WEST METRO,YARRA,11332,11532.363501186892,11.532363501186891,27350
2018,1 NORTH WEST METRO,WYNDHAM,11306,4406.179531875024,4.406179531875024,27260
2018,1 NORTH WEST METRO,WHITTLESEA,11816,5292.921181404822,5.2929211814048225,27070
2018,1 NORTH WEST METRO,NILLUMBIK,1655,2547.4590082986565,2.5474590082986563,25710
2018,1 NORTH WEST METRO,MORELAND,11615,6428.714573429552,6.428714573429552,25250
2018,1 NORTH WEST METRO,MOONEE VALLEY,6695,5209.18092746886,5.209180927468861,25060
2018,1 NORTH WEST METRO,MELTON,8068,5193.2193223123695,5.19321932231237,24650
2018,1 NORTH WEST METRO,MELBOURNE,26954,15474.580758392894,15.474580758392895,24600
2018,1 NORTH WEST METRO,MARIBYRNONG,6947,7495.819900871424,7.495819900871424,24330
2018,1 NORTH WEST METRO,HUME,15595,6900.308620375827,6.900308620375827,23270
2018,1 NORTH WEST METRO,HOBSONS BAY,4821,5003.037455598669,5.003037455598669,23110
2018,1 NORTH WEST METRO,DAREBIN,11621,7219.583428998637,7.219583428998637,21890
2018,1 NORTH WEST METRO,BRIMBANK,14594,6939.174818226215,6.939174818226215,21180
2018,1 NORTH WEST METRO,BANYULE,7174,5481.076474299736,5.481076474299736,20660
2017,1 NORTH WEST METRO,YARRA,10563,10961.107421550723,10.961107421550723,27350
2017,1 NORTH WEST METRO,WYNDHAM,10862,4490.24811700606,4.49024811700606,27260
2017,1 NORTH WEST METRO,WHITTLESEA,11343,5240.761788595349,5.240761788595349,27070
2017,1 NORTH WEST METRO,NILLUMBIK,1845,2850.741656365884,2.850741656365884,25710
2017,1 NORTH WEST METRO,MORELAND,10513,5953.371954085475,5.953371954085475,25250
2017,1 NORTH WEST METRO,MOONEE VALLEY,6679,5325.094678094479,5.325094678094478,25060
2017,1 NORTH WEST METRO,MELTON,8044,5402.428540726412,5.4024285407264125,24650
2017,1 NORTH WEST METRO,MELBOURNE,26531,16582.70413520676,16.58270413520676,24600
2017,1 NORTH WEST METRO,MARIBYRNONG,6466,7208.070899058023,7.208070899058023,24330
2017,1 NORTH WEST METRO,HUME,15056,6972.694601904339,6.9726946019043385,23270
2017,1 NORTH WEST METRO,HOBSONS BAY,4913,5172.450096858418,5.172450096858418,23110
2017,1 NORTH WEST METRO,DAREBIN,11451,7222.190687025789,7.222190687025789,21890
2017,1 NORTH WEST METRO,BRIMBANK,13251,6357.133604870397,6.357133604870397,21180
2017,1 NORTH WEST METRO,BANYULE,7433,5746.824286189221,5.746824286189221,20660
2016,1 NORTH WEST METRO,YARRA,11300,12101.092310987364,12.101092310987363,27350
2016,1 NORTH WEST METRO,WYNDHAM,12373,5424.660657290169,5.424660657290169,27260
2016,1 NORTH WEST METRO,WHITTLESEA,13078,6291.099234658291,6.291099234658291,27070
2016,1 NORTH WEST METRO,NILLUMBIK,2262,3518.979464841319,3.518979464841319,25710
2016,1 NORTH WEST METRO,MORELAND,12117,7041.042239280381,7.041042239280381,25250
2016,1 NORTH WEST METRO,MOONEE VALLEY,7743,6296.760132717454,6.296760132717455,25060
2016,1 NORTH WEST METRO,MELTON,9074,6401.45609492836,6.40145609492836,24650
2016,1 NORTH WEST METRO,MELBOURNE,28252,19084.16025506792,19.08416025506792,24600
2016,1 NORTH WEST METRO,MARIBYRNONG,7192,8233.07194779921,8.23307194779921,24330
2016,1 NORTH WEST METRO,HUME,17668,8501.178848097003,8.501178848097002,23270
2016,1 NORTH WEST METRO,HOBSONS BAY,5344,5722.117526126435,5.722117526126436,23110
2016,1 NORTH WEST METRO,DAREBIN,13228,8532.982415399105,8.532982415399104,21890
2016,1 NORTH WEST METRO,BRIMBANK,15094,7336.4083969651165,7.336408396965116,21180
2016,1 NORTH WEST METRO,BANYULE,7485,5861.715207568152,5.861715207568152,20660
2015,1 NORTH WEST METRO,YARRA,10052,11119.346024933353,11.119346024933353,27350
2015,1 NORTH WEST METRO,WYNDHAM,11331,5273.372054060092,5.273372054060092,27260
2015,1 NORTH WEST METRO,WHITTLESEA,10378,5249.500493183945,5.249500493183945,27070
2015,1 NORTH WEST METRO,NILLUMBIK,1942,3042.837892889599,3.042837892889599,25710
2015,1 NORTH WEST METRO,MORELAND,11156,6645.4998719269925,6.645499871926993,25250
2015,1 NORTH WEST METRO,MOONEE VALLEY,6958,5777.774087206358,5.777774087206358,25060
2015,1 NORTH WEST METRO,MELTON,8374,6188.84323173796,6.18884323173796,24650
2015,1 NORTH WEST METRO,MELBOURNE,24859,17936.304078039768,17.93630407803977,24600
2015,1 NORTH WEST METRO,MARIBYRNONG,6907,8107.378453881728,8.107378453881728,24330
2015,1 NORTH WEST METRO,HUME,14888,7481.3694403545705,7.4813694403545705,23270
2015,1 NORTH WEST METRO,HOBSONS BAY,5361,5844.708037154943,5.844708037154943,23110
2015,1 NORTH WEST METRO,DAREBIN,11474,7546.847149049245,7.546847149049245,21890
2015,1 NORTH WEST METRO,BRIMBANK,14827,7333.092639211051,7.333092639211052,21180
2015,1 NORTH WEST METRO,BANYULE,6859,5426.037703011653,5.426037703011653,20660
2014,1 NORTH WEST METRO,YARRA,9959,11372.486325381691,11.372486325381692,27350
2014,1 NORTH WEST METRO,WYNDHAM,10161,5023.98022249691,5.02398022249691,27260
2014,1 NORTH WEST METRO,WHITTLESEA,10240,5432.101385079758,5.432101385079758,27070
2014,1 NORTH WEST METRO,NILLUMBIK,1584,2493.192514126517,2.493192514126517,25710
2014,1 NORTH WEST METRO,MORELAND,10289,6270.836253710148,6.270836253710148,25250
2014,1 NORTH WEST METRO,MOONEE VALLEY,6447,5468.471677947987,5.468471677947987,25060
2014,1 NORTH WEST METRO,MELTON,7527,5808.677131083021,5.808677131083021,24650
2014,1 NORTH WEST METRO,MELBOURNE,23731,18359.97338573661,18.359973385736613,24600
2014,1 NORTH WEST METRO,MARIBYRNONG,6576,7945.771559067677,7.945771559067677,24330
2014,1 NORTH WEST METRO,HUME,13225,6892.831455286502,6.892831455286502,23270
2014,1 NORTH WEST METRO,HOBSONS BAY,5563,6150.699320028747,6.150699320028747,23110
2014,1 NORTH WEST METRO,DAREBIN,10977,7340.5599876955175,7.340559987695517,21890
2014,1 NORTH WEST METRO,BRIMBANK,13726,6884.859428686079,6.884859428686079,21180
2014,1 NORTH WEST METRO,BANYULE,6808,5432.059363280938,5.4320593632809375,20660
2013,1 NORTH WEST METRO,YARRA,9205,10936.070618146394,10.936070618146394,27350
2013,1 NORTH WEST METRO,WYNDHAM,9944,5216.059420274651,5.21605942027465,27260
2013,1 NORTH WEST METRO,WHITTLESEA,9987,5559.916492693111,5.559916492693111,27070
2013,1 NORTH WEST METRO,NILLUMBIK,1600,2530.52445119251,2.53052445119251,25710
2013,1 NORTH WEST METRO,MORELAND,9181,5730.1028560015975,5.730102856001597,25250
2013,1 NORTH WEST METRO,MOONEE VALLEY,6247,5407.7684190479495,5.407768419047949,25060
2013,1 NORTH WEST METRO,MELTON,6826,5500.89048989032,5.50089048989032,24650
2013,1 NORTH WEST METRO,MELBOURNE,24629,20607.79998828579,20.60779998828579,24600
2013,1 NORTH WEST METRO,MARIBYRNONG,6960,8704.461036281094,8.704461036281094,24330
2013,1 NORTH WEST METRO,HUME,12097,6531.222667343347,6.531222667343347,23270
2013,1 NORTH WEST METRO,HOBSONS BAY,5446,6106.61344217443,6.10661344217443,23110
2013,1 NORTH WEST METRO,DAREBIN,10017,6802.577876172302,6.802577876172302,21890
2013,1 NORTH WEST METRO,BRIMBANK,15276,7767.444461958539,7.767444461958539,21180
2013,1 NORTH WEST METRO,BANYULE,6431,5168.284685611418,5.168284685611418,20660
2012,1 NORTH WEST METRO,YARRA,9198,11302.114692257595,11.302114692257595,27350
2012,1 NORTH WEST METRO,WYNDHAM,11066,6169.164213718669,6.169164213718669,27260
2012,1 NORTH WEST METRO,WHITTLESEA,9850,5787.44506333874,5.7874450633387395,27070
2012,1 NORTH WEST METRO,NILLUMBIK,1454,2308.9993806672915,2.3089993806672915,25710
2012,1 NORTH WEST METRO,MORELAND,9790,6237.178425351359,6.237178425351359,25250
2012,1 NORTH WEST METRO,MOONEE VALLEY,6961,6121.282470673068,6.121282470673068,25060
2012,1 NORTH WEST METRO,MELTON,6925,5847.632236708775,5.847632236708775,24650
2012,1 NORTH WEST METRO,MELBOURNE,24750,22935.354733486543,22.935354733486545,24600
2012,1 NORTH WEST METRO,MARIBYRNONG,7478,9676.375823294213,9.676375823294213,24330
2012,1 NORTH WEST METRO,HUME,12009,6693.942620163767,6.693942620163767,23270
2012,1 NORTH WEST METRO,HOBSONS BAY,5850,6621.392190152802,6.621392190152802,23110
2012,1 NORTH WEST METRO,DAREBIN,9671,6669.6551724137935,6.669655172413793,21890
2012,1 NORTH WEST METRO,BRIMBANK,15487,7981.261788684924,7.9812617886849235,21180
2012,1 NORTH WEST METRO,BANYULE,5815,4702.371806794382,4.702371806794382,20660
2011,1 NORTH WEST METRO,YARRA,8718,11049.00954336337,11.04900954336337,27350
2011,1 NORTH WEST METRO,WYNDHAM,9640,5782.878121644401,5.782878121644401,27260
2011,1 NORTH WEST METRO,WHITTLESEA,8758,5446.517412935323,5.446517412935322,27070
2011,1 NORTH WEST METRO,NILLUMBIK,1459,2326.360099496141,2.3263600994961413,25710
2011,1 NORTH WEST METRO,MORELAND,8875,5753.758582014561,5.753758582014561,25250
2011,1 NORTH WEST METRO,MOONEE VALLEY,6027,5372.615439472277,5.372615439472277,25060
2011,1 NORTH WEST METRO,MELTON,6065,5384.267109363209,5.384267109363209,24650
2011,1 NORTH WEST METRO,MELBOURNE,23653,23596.3687150838,23.596368715083802,24600
2011,1 NORTH WEST METRO,MARIBYRNONG,6981,9288.926737099822,9.288926737099823,24330
2011,1 NORTH WEST METRO,HUME,11031,6329.106661311607,6.329106661311608,23270
2011,1 NORTH WEST METRO,HOBSONS BAY,4743,5427.083929286572,5.427083929286572,23110
2011,1 NORTH WEST METRO,DAREBIN,9587,6706.916091841446,6.706916091841446,21890
2011,1 NORTH WEST METRO,BRIMBANK,14297,7465.952291431675,7.465952291431675,21180
2011,1 NORTH WEST METRO,BANYULE,5605,4557.5404730735145,4.557540473073514,20660
2010,1 NORTH WEST METRO,YARRA,9199,11728.930256279486,11.728930256279485,27350
2010,1 NORTH WEST METRO,WYNDHAM,8492,5469.852046041571,5.469852046041571,27260
2010,1 NORTH WEST METRO,WHITTLESEA,7822,5122.160448958476,5.122160448958476,27070
2010,1 NORTH WEST METRO,NILLUMBIK,1419,2258.187720805882,2.2581877208058816,25710
2010,1 NORTH WEST METRO,MORELAND,8320,5464.301429781756,5.464301429781757,25250
2010,1 NORTH WEST METRO,MOONEE VALLEY,5900,5297.989457898943,5.297989457898943,25060
2010,1 NORTH WEST METRO,MELTON,5189,4856.431566337226,4.856431566337227,24650
2010,1 NORTH WEST METRO,MELBOURNE,26258,26897.35000973131,26.897350009731312,24600
2010,1 NORTH WEST METRO,MARIBYRNONG,6575,8931.846277152134,8.931846277152134,24330
2010,1 NORTH WEST METRO,HUME,10525,6156.698956432215,6.156698956432215,23270
2010,1 NORTH WEST METRO,HOBSONS BAY,4768,5468.391595559226,5.4683915955592255,23110
2010,1 NORTH WEST METRO,DAREBIN,8909,6283.67893920158,6.28367893920158,21890
2010,1 NORTH WEST METRO,BRIMBANK,12514,6624.844490325313,6.624844490325313,21180
2010,1 NORTH WEST METRO,BANYULE,5846,4761.361785307054,4.761361785307054,20660
2009,1 NORTH WEST METRO,YARRA,9370,12119.879447944018,12.119879447944019,27350
2009,1 NORTH WEST METRO,WYNDHAM,7284,5079.320804713922,5.079320804713922,27260
2009,1 NORTH WEST METRO,WHITTLESEA,7813,5371.790023720307,5.3717900237203065,27070
2009,1 NORTH WEST METRO,NILLUMBIK,1495,2381.1419925141354,2.3811419925141353,25710
2009,1 NORTH WEST METRO,MORELAND,8019,5341.940125504617,5.341940125504617,25250
2009,1 NORTH WEST METRO,MOONEE VALLEY,5967,5406.507379923347,5.4065073799233465,25060
2009,1 NORTH WEST METRO,MELTON,4844,4847.150647921149,4.84715064792115,24650
2009,1 NORTH WEST METRO,MELBOURNE,24986,26511.188685050984,26.511188685050982,24600
2009,1 NORTH WEST METRO,MARIBYRNONG,6748,9388.913624220837,9.388913624220837,24330
2009,1 NORTH WEST METRO,HUME,9746,5845.448874814068,5.8454488748140685,23270
2009,1 NORTH WEST METRO,HOBSONS BAY,4793,5523.98953519195,5.523989535191951,23110
2009,1 NORTH WEST METRO,DAREBIN,9645,6875.093556871886,6.875093556871886,21890
2009,1 NORTH WEST METRO,BRIMBANK,12229,6596.115363247518,6.596115363247518,21180
2009,1 NORTH WEST METRO,BANYULE,5937,4856.521170080492,4.856521170080492,20660
2018,2 EASTERN,YARRA RANGES,5561,3511.8423462594624,3.5118423462594626,27450
2018,2 EASTERN,WODONGA,2394,5770.951182868612,5.770951182868612,27170
2018,2 EASTERN,WHITEHORSE,6269,3551.8298177786032,3.551829817778603,26980
2018,2 EASTERN,WELLINGTON,2828,6416.7994948711475,6.416799494871148,26810
2018,2 EASTERN,WANGARATTA,1750,6025.98753197111,6.02598753197111,26700
2018,2 EASTERN,TOWONG,181,3025.759682567315,3.025759682567315,26670
2018,2 EASTERN,STRATHBOGIE,440,4164.876442966277,4.164876442966277,26430
2018,2 EASTERN,SOUTH GIPPSLAND,1023,3479.1620081485935,3.4791620081485934,26170
2018,2 EASTERN,MURRINDINDI,574,4010.0798044034937,4.010079804403493,25620
2018,2 EASTERN,MONASH,8245,4116.401738854397,4.116401738854397,24970
2018,2 EASTERN,MOIRA,1568,5295.736084013418,5.295736084013418,24900
2018,2 EASTERN,MITCHELL,3014,6826.630737382266,6.826630737382265,24850
2018,2 EASTERN,MAROONDAH,5919,5013.972918121023,5.0139729181210235,24410
2018,2 EASTERN,MANSFIELD,333,3749.647152972611,3.749647152972611,24250
2018,2 EASTERN,MANNINGHAM,3352,2642.593602521776,2.642593602521776,24210
2018,2 EASTERN,LATROBE,9927,13240.239072104381,13.240239072104382,23810
2018,2 EASTERN,KNOX,8090,4939.059235342237,4.939059235342237,23670
2018,2 EASTERN,INDIGO,342,2091.024687643838,2.0910246876438383,23350
2018,2 EASTERN,GREATER SHEPPARTON,6205,9360.725853031412,9.360725853031411,22830
2018,2 EASTERN,EAST GIPPSLAND,3195,6859.477670917025,6.859477670917024,22110
2018,2 EASTERN,BOROONDARA,5604,3088.7059458329245,3.0887059458329245,21110
2018,2 EASTERN,BENALLA,877,6274.515043831506,6.274515043831506,21010
2018,2 EASTERN,BAW BAW,3179,6140.413343876602,6.140413343876602,20830
2018,2 EASTERN,BASS COAST,1664,4750.933993570893,4.750933993570893,20740
2018,2 EASTERN,ALPINE,394,3119.8120252270046,3.1198120252270045,20110
2017,2 EASTERN,YARRA RANGES,5719,3643.0928386694018,3.6430928386694017,27450
2017,2 EASTERN,WODONGA,2425,5978.207277388818,5.978207277388818,27170
2017,2 EASTERN,WHITEHORSE,6515,3754.740251507083,3.754740251507083,26980
2017,2 EASTERN,WELLINGTON,2723,6224.4268178389375,6.224426817838937,26810
2017,2 EASTERN,WANGARATTA,1780,6175.409381071329,6.175409381071329,26700
2017,2 EASTERN,TOWONG,174,2912.6213592233007,2.9126213592233006,26670
2017,2 EASTERN,STRATHBOGIE,438,4189.383070301291,4.189383070301291,26430
2017,2 EASTERN,SOUTH GIPPSLAND,1005,3450.762257931603,3.450762257931603,26170
2017,2 EASTERN,MURRINDINDI,546,3854.0269640714337,3.8540269640714335,25620
2017,2 EASTERN,MONASH,8177,4155.211927495948,4.155211927495948,24970
2017,2 EASTERN,MOIRA,1451,4924.486679110809,4.924486679110808,24900
2017,2 EASTERN,MITCHELL,3060,7150.3680336487905,7.150368033648791,24850
2017,2 EASTERN,MAROONDAH,6306,5413.386671702908,5.4133866717029075,24410
2017,2 EASTERN,MANSFIELD,494,5661.891117478511,5.661891117478511,24250
2017,2 EASTERN,MANNINGHAM,3699,2970.6787025064846,2.9706787025064845,24210
2017,2 EASTERN,LATROBE,9285,12444.37892028092,12.44437892028092,23810
2017,2 EASTERN,KNOX,8432,5201.213945569839,5.2012139455698385,23670
2017,2 EASTERN,INDIGO,377,2324.290998766954,2.324290998766954,23350
2017,2 EASTERN,GREATER SHEPPARTON,5941,9057.368926562285,9.057368926562285,22830
2017,2 EASTERN,EAST GIPPSLAND,2974,6470.844212358573,6.470844212358573,22110
2017,2 EASTERN,BOROONDARA,5742,3199.8484223666173,3.1998484223666175,21110
2017,2 EASTERN,BENALLA,975,6984.240687679083,6.984240687679083,21010
2017,2 EASTERN,BAW BAW,2765,5490.032562941784,5.490032562941784,20830
2017,2 EASTERN,BASS COAST,1935,5654.092277123572,5.6540922771235715,20740
2017,2 EASTERN,ALPINE,310,2477.0275669196963,2.477027566919696,20110
2016,2 EASTERN,YARRA RANGES,6453,4154.862470382198,4.154862470382198,27450
2016,2 EASTERN,WODONGA,2497,6266.941070173677,6.266941070173677,27170
2016,2 EASTERN,WHITEHORSE,6358,3737.9551186703743,3.7379551186703743,26980
2016,2 EASTERN,WELLINGTON,3318,7633.728287127574,7.633728287127574,26810
2016,2 EASTERN,WANGARATTA,1809,6334.255401099478,6.334255401099478,26700
2016,2 EASTERN,TOWONG,176,2946.5930018416207,2.9465930018416207,26670
2016,2 EASTERN,STRATHBOGIE,479,4637.428599089941,4.637428599089941,26430
2016,2 EASTERN,SOUTH GIPPSLAND,1140,3939.7290572297484,3.9397290572297483,26170
2016,2 EASTERN,MURRINDINDI,547,3909.09740584578,3.90909740584578,25620
2016,2 EASTERN,MONASH,8961,4646.616541353384,4.646616541353383,24970
2016,2 EASTERN,MOIRA,1369,4671.398348461066,4.671398348461066,24900
2016,2 EASTERN,MITCHELL,3229,7756.053036126056,7.7560530361260565,24850
2016,2 EASTERN,MAROONDAH,6764,5882.813383313474,5.882813383313474,24410
2016,2 EASTERN,MANSFIELD,481,5589.7733875653685,5.589773387565368,24250
2016,2 EASTERN,MANNINGHAM,3961,3222.89303672845,3.22289303672845,24210
2016,2 EASTERN,LATROBE,10453,14063.151663549894,14.063151663549894,23810
2016,2 EASTERN,KNOX,9173,5709.395325677652,5.709395325677653,23670
2016,2 EASTERN,INDIGO,322,2008.1072653570316,2.0081072653570318,23350
2016,2 EASTERN,GREATER SHEPPARTON,6330,9727.088327494006,9.727088327494005,22830
2016,2 EASTERN,EAST GIPPSLAND,3096,6815.4801215163125,6.8154801215163126,22110
2016,2 EASTERN,BOROONDARA,7057,3978.890511442764,3.978890511442764,21110
2016,2 EASTERN,BENALLA,1019,7298.38132072769,7.29838132072769,21010
2016,2 EASTERN,BAW BAW,2922,5962.291870714985,5.962291870714985,20830
2016,2 EASTERN,BASS COAST,2069,6210.042921031305,6.210042921031305,20740
2016,2 EASTERN,ALPINE,267,2144.578313253012,2.144578313253012,20110
2015,2 EASTERN,YARRA RANGES,5440,3541.4130498466907,3.5414130498466907,27450
2015,2 EASTERN,WODONGA,2619,6705.584146247792,6.705584146247792,27170
2015,2 EASTERN,WHITEHORSE,5785,3459.8247660058014,3.4598247660058012,26980
2015,2 EASTERN,WELLINGTON,2962,6862.358964854157,6.862358964854158,26810
2015,2 EASTERN,WANGARATTA,1627,5780.983513359863,5.780983513359863,26700
2015,2 EASTERN,TOWONG,167,2805.308247942214,2.805308247942214,26670
2015,2 EASTERN,STRATHBOGIE,359,3532.4215290760603,3.53242152907606,26430
2015,2 EASTERN,SOUTH GIPPSLAND,906,3161.0899829035975,3.1610899829035977,26170
2015,2 EASTERN,MURRINDINDI,509,3684.6677283914864,3.6846677283914864,25620
2015,2 EASTERN,MONASH,7520,3967.4793316485616,3.9674793316485615,24970
2015,2 EASTERN,MOIRA,1103,3780.7636936998697,3.78076369369987,24900
2015,2 EASTERN,MITCHELL,2659,6619.2029075701375,6.619202907570138,24850
2015,2 EASTERN,MAROONDAH,5795,5115.732975511573,5.115732975511573,24410
2015,2 EASTERN,MANSFIELD,339,3996.227749616881,3.9962277496168808,24250
2015,2 EASTERN,MANNINGHAM,3354,2768.1032632916827,2.7681032632916827,24210
2015,2 EASTERN,LATROBE,9024,12177.808966019811,12.17780896601981,23810
2015,2 EASTERN,KNOX,7356,4623.390989541432,4.623390989541432,23670
2015,2 EASTERN,INDIGO,382,2412.5299987368953,2.412529998736895,23350
2015,2 EASTERN,GREATER SHEPPARTON,5499,8518.31771357757,8.51831771357757,22830
2015,2 EASTERN,EAST GIPPSLAND,3148,7031.3372495588665,7.031337249558867,22110
2015,2 EASTERN,BOROONDARA,5896,3369.2583745728425,3.3692583745728424,21110
2015,2 EASTERN,BENALLA,810,5818.9655172413795,5.81896551724138,21010
2015,2 EASTERN,BAW BAW,2491,5227.263188819406,5.227263188819406,20830
2015,2 EASTERN,BASS COAST,1930,5940.289319790704,5.940289319790704,20740
2015,2 EASTERN,ALPINE,356,2885.160872031769,2.885160872031769,20110
2014,2 EASTERN,YARRA RANGES,5351,3517.802671715578,3.517802671715578,27450
2014,2 EASTERN,WODONGA,2431,6357.550081071186,6.357550081071185,27170
2014,2 EASTERN,WHITEHORSE,5703,3462.8696338575505,3.4628696338575504,26980
2014,2 EASTERN,WELLINGTON,2900,6754.238867151108,6.754238867151108,26810
2014,2 EASTERN,WANGARATTA,1690,6066.044508255563,6.066044508255564,26700
2014,2 EASTERN,TOWONG,148,2490.7438572871088,2.4907438572871086,26670
2014,2 EASTERN,STRATHBOGIE,341,3407.614669731188,3.407614669731188,26430
2014,2 EASTERN,SOUTH GIPPSLAND,901,3169.633434179976,3.169633434179976,26170
2014,2 EASTERN,MURRINDINDI,516,3777.4524158125914,3.7774524158125913,25620
2014,2 EASTERN,MONASH,6886,3694.3051047506638,3.6943051047506636,24970
2014,2 EASTERN,MOIRA,1083,3732.9380945815524,3.7329380945815522,24900
2014,2 EASTERN,MITCHELL,2145,5498.449155366435,5.498449155366435,24850
2014,2 EASTERN,MAROONDAH,5875,5264.525610236926,5.264525610236926,24410
2014,2 EASTERN,MANSFIELD,388,4642.258913615698,4.642258913615698,24250
2014,2 EASTERN,MANNINGHAM,3130,2614.7394449735184,2.6147394449735186,24210
2014,2 EASTERN,LATROBE,7815,10560.525391205643,10.560525391205644,23810
2014,2 EASTERN,KNOX,7162,4541.016244182655,4.541016244182655,23670
2014,2 EASTERN,INDIGO,329,2100.4916044180554,2.1004916044180555,23350
2014,2 EASTERN,GREATER SHEPPARTON,5631,8803.939962476548,8.803939962476548,22830
2014,2 EASTERN,EAST GIPPSLAND,2922,6610.710164928395,6.610710164928395,22110
2014,2 EASTERN,BOROONDARA,5683,3288.468660309231,3.288468660309231,21110
2014,2 EASTERN,BENALLA,819,5894.630775874478,5.894630775874478,21010
2014,2 EASTERN,BAW BAW,2279,4901.075268817204,4.901075268817205,20830
2014,2 EASTERN,BASS COAST,1996,6267.466323358559,6.267466323358559,20740
2014,2 EASTERN,ALPINE,278,2262.738075858701,2.262738075858701,20110
2013,2 EASTERN,YARRA RANGES,5050,3345.2570217276098,3.3452570217276096,27450
2013,2 EASTERN,WODONGA,2235,5963.498585837025,5.963498585837025,27170
2013,2 EASTERN,WHITEHORSE,5801,3574.4654630599543,3.5744654630599544,26980
2013,2 EASTERN,WELLINGTON,2797,6550.197887637292,6.550197887637292,26810
2013,2 EASTERN,WANGARATTA,1679,6074.52966714906,6.07452966714906,26700
2013,2 EASTERN,TOWONG,212,3573.2344513736725,3.5732344513736725,26670
2013,2 EASTERN,STRATHBOGIE,373,3783.728951105701,3.7837289511057013,26430
2013,2 EASTERN,SOUTH GIPPSLAND,895,3173.4212672410736,3.1734212672410735,26170
2013,2 EASTERN,MURRINDINDI,535,3950.6719834588685,3.9506719834588684,25620
2013,2 EASTERN,MONASH,6822,3720.265686520445,3.720265686520445,24970
2013,2 EASTERN,MOIRA,1177,4081.7034262727148,4.081703426272715,24900
2013,2 EASTERN,MITCHELL,1991,5277.247667514843,5.2772476675148425,24850
2013,2 EASTERN,MAROONDAH,5498,5004.141295542874,5.004141295542874,24410
2013,2 EASTERN,MANSFIELD,293,3551.5151515151515,3.5515151515151513,24250
2013,2 EASTERN,MANNINGHAM,3112,2625.960897484579,2.625960897484579,24210
2013,2 EASTERN,LATROBE,7618,10291.95206636134,10.29195206636134,23810
2013,2 EASTERN,KNOX,6923,4423.811775531331,4.42381177553133,23670
2013,2 EASTERN,INDIGO,355,2282.077654924145,2.282077654924145,23350
2013,2 EASTERN,GREATER SHEPPARTON,5116,8087.7703300872645,8.087770330087265,22830
2013,2 EASTERN,EAST GIPPSLAND,3071,7020.070406437159,7.020070406437159,22110
2013,2 EASTERN,BOROONDARA,5966,3498.196956814917,3.498196956814917,21110
2013,2 EASTERN,BENALLA,854,6155.842283572407,6.155842283572407,21010
2013,2 EASTERN,BAW BAW,2216,4868.189806678383,4.868189806678384,20830
2013,2 EASTERN,BASS COAST,1970,6298.356672421511,6.2983566724215105,20740
2013,2 EASTERN,ALPINE,363,2967.3833074470695,2.9673833074470695,20110
2012,2 EASTERN,YARRA RANGES,5217,3479.9951972464214,3.4799951972464216,27450
2012,2 EASTERN,WODONGA,2603,7089.745335693859,7.089745335693858,27170
2012,2 EASTERN,WHITEHORSE,5584,3494.63038526047,3.49463038526047,26980
2012,2 EASTERN,WELLINGTON,2862,6743.479182865625,6.7434791828656255,26810
2012,2 EASTERN,WANGARATTA,1737,6330.86707730437,6.33086707730437,26700
2012,2 EASTERN,TOWONG,196,3307.45865676679,3.3074586567667903,26670
2012,2 EASTERN,STRATHBOGIE,379,3891.170431211499,3.8911704312114987,26430
2012,2 EASTERN,SOUTH GIPPSLAND,936,3355.4400430184623,3.3554400430184623,26170
2012,2 EASTERN,MURRINDINDI,457,3398.527552613966,3.3985275526139658,25620
2012,2 EASTERN,MONASH,6525,3617.0024057916385,3.6170024057916383,24970
2012,2 EASTERN,MOIRA,1058,3693.489265142259,3.693489265142259,24900
2012,2 EASTERN,MITCHELL,1961,5393.289328932894,5.393289328932894,24850
2012,2 EASTERN,MAROONDAH,5218,4809.526881918649,4.809526881918649,24410
2012,2 EASTERN,MANSFIELD,254,3141.620284477427,3.141620284477427,24250
2012,2 EASTERN,MANNINGHAM,2923,2486.9187901476157,2.4869187901476155,24210
2012,2 EASTERN,LATROBE,7456,10080.716033692523,10.080716033692523,23810
2012,2 EASTERN,KNOX,6852,4406.260851671318,4.406260851671318,23670
2012,2 EASTERN,INDIGO,383,2482.0167195904346,2.4820167195904346,23350
2012,2 EASTERN,GREATER SHEPPARTON,4826,7712.098694408488,7.712098694408488,22830
2012,2 EASTERN,EAST GIPPSLAND,2667,6158.642189123658,6.158642189123658,22110
2012,2 EASTERN,BOROONDARA,5918,3511.332621336181,3.511332621336181,21110
2012,2 EASTERN,BENALLA,728,5257.076834199885,5.257076834199885,21010
2012,2 EASTERN,BAW BAW,2133,4797.678760206033,4.797678760206033,20830
2012,2 EASTERN,BASS COAST,1848,6002.143622722401,6.002143622722401,20740
2012,2 EASTERN,ALPINE,318,2615.1315789473683,2.615131578947368,20110
2011,2 EASTERN,YARRA RANGES,4782,3211.529808396183,3.211529808396183,27450
2011,2 EASTERN,WODONGA,2383,6614.850798056905,6.614850798056905,27170
2011,2 EASTERN,WHITEHORSE,5212,3308.4081301019437,3.308408130101944,26980
2011,2 EASTERN,WELLINGTON,2307,5483.978320813921,5.483978320813921,26810
2011,2 EASTERN,WANGARATTA,1690,6210.495369689844,6.210495369689844,26700
2011,2 EASTERN,TOWONG,161,2720.513687056438,2.720513687056438,26670
2011,2 EASTERN,STRATHBOGIE,347,3615.336528443426,3.6153365284434256,26430
2011,2 EASTERN,SOUTH GIPPSLAND,857,3115.004361733062,3.115004361733062,26170
2011,2 EASTERN,MURRINDINDI,428,3209.5988001499813,3.2095988001499816,25620
2011,2 EASTERN,MONASH,6472,3649.3839690997775,3.6493839690997776,24970
2011,2 EASTERN,MOIRA,1176,4139.970428782652,4.139970428782652,24900
2011,2 EASTERN,MITCHELL,1816,5173.052271756161,5.173052271756161,24850
2011,2 EASTERN,MAROONDAH,4779,4452.9131686590945,4.452913168659094,24410
2011,2 EASTERN,MANSFIELD,249,3135.23042054898,3.13523042054898,24250
2011,2 EASTERN,MANNINGHAM,2804,2401.7130620985013,2.4017130620985014,24210
2011,2 EASTERN,LATROBE,6786,9196.61733615222,9.196617336152219,23810
2011,2 EASTERN,KNOX,5973,3862.8940986257076,3.8628940986257074,23670
2011,2 EASTERN,INDIGO,370,2415.6166351113143,2.415616635111314,23350
2011,2 EASTERN,GREATER SHEPPARTON,5004,8104.4311997926925,8.104431199792693,22830
2011,2 EASTERN,EAST GIPPSLAND,2499,5835.240274599542,5.835240274599542,22110
2011,2 EASTERN,BOROONDARA,5266,3152.123163855335,3.152123163855335,21110
2011,2 EASTERN,BENALLA,761,5507.309306701404,5.507309306701404,21010
2011,2 EASTERN,BAW BAW,1733,3994.099887068151,3.9940998870681512,20830
2011,2 EASTERN,BASS COAST,1600,5292.230344325737,5.292230344325737,20740
2011,2 EASTERN,ALPINE,277,2295.326483261518,2.295326483261518,20110
2010,2 EASTERN,YARRA RANGES,5224,3518.4848423619105,3.5184848423619104,27450
2010,2 EASTERN,WODONGA,2031,5755.660724912857,5.7556607249128575,27170
2010,2 EASTERN,WHITEHORSE,5213,3319.1559805931565,3.3191559805931563,26980
2010,2 EASTERN,WELLINGTON,2382,5698.155634763055,5.698155634763055,26810
2010,2 EASTERN,WANGARATTA,1635,6011.029411764705,6.011029411764706,26700
2010,2 EASTERN,TOWONG,184,3064.6235842771484,3.0646235842771485,26670
2010,2 EASTERN,STRATHBOGIE,335,3490.3104813502814,3.4903104813502814,26430
2010,2 EASTERN,SOUTH GIPPSLAND,943,3470.3566039818934,3.4703566039818936,26170
2010,2 EASTERN,MURRINDINDI,517,3881.9642588977326,3.8819642588977326,25620
2010,2 EASTERN,MONASH,6837,3890.605527766871,3.890605527766871,24970
2010,2 EASTERN,MOIRA,1209,4267.410257315309,4.2674102573153085,24900
2010,2 EASTERN,MITCHELL,2056,6066.328337070695,6.066328337070695,24850
2010,2 EASTERN,MAROONDAH,5311,4978.580200043121,4.978580200043122,24410
2010,2 EASTERN,MANSFIELD,367,4663.278271918678,4.663278271918678,24250
2010,2 EASTERN,MANNINGHAM,2920,2503.0859964339597,2.50308599643396,24210
2010,2 EASTERN,LATROBE,6275,8586.245587148682,8.586245587148682,23810
2010,2 EASTERN,KNOX,6437,4162.490381071241,4.162490381071241,23670
2010,2 EASTERN,INDIGO,365,2387.649636946425,2.3876496369464246,23350
2010,2 EASTERN,GREATER SHEPPARTON,4815,7836.531419364288,7.836531419364288,22830
2010,2 EASTERN,EAST GIPPSLAND,2671,6301.757697298573,6.301757697298573,22110
2010,2 EASTERN,BOROONDARA,5472,3289.924605894448,3.289924605894448,21110
2010,2 EASTERN,BENALLA,829,5990.750108397167,5.990750108397167,21010
2010,2 EASTERN,BAW BAW,1712,4066.7981091289166,4.066798109128917,20830
2010,2 EASTERN,BASS COAST,1835,6225.826151862659,6.225826151862659,20740
2010,2 EASTERN,ALPINE,324,2680.122425345355,2.6801224253453553,20110
2009,2 EASTERN,YARRA RANGES,4928,3337.328917873807,3.337328917873807,27450
2009,2 EASTERN,WODONGA,1869,5393.316788826686,5.393316788826686,27170
2009,2 EASTERN,WHITEHORSE,5696,3652.2419353804526,3.6522419353804527,26980
2009,2 EASTERN,WELLINGTON,2403,5789.52440610996,5.78952440610996,26810
2009,2 EASTERN,WANGARATTA,1447,5337.316956217033,5.337316956217033,26700
2009,2 EASTERN,TOWONG,187,3090.909090909091,3.090909090909091,26670
2009,2 EASTERN,STRATHBOGIE,321,3356.33626097867,3.35633626097867,26430
2009,2 EASTERN,SOUTH GIPPSLAND,971,3609.262907482437,3.6092629074824374,26170
2009,2 EASTERN,MURRINDINDI,532,3984.4218094667467,3.9844218094667467,25620
2009,2 EASTERN,MONASH,7145,4096.95065310382,4.09695065310382,24970
2009,2 EASTERN,MOIRA,1031,3663.823738450604,3.663823738450604,24900
2009,2 EASTERN,MITCHELL,1706,5185.883211235067,5.185883211235067,24850
2009,2 EASTERN,MAROONDAH,5536,5222.099593438416,5.222099593438417,24410
2009,2 EASTERN,MANSFIELD,347,4475.109620840856,4.475109620840856,24250
2009,2 EASTERN,MANNINGHAM,3173,2726.600900560272,2.726600900560272,24210
2009,2 EASTERN,LATROBE,6097,8432.218626393384,8.432218626393384,23810
2009,2 EASTERN,KNOX,6957,4513.956476038463,4.513956476038463,23670
2009,2 EASTERN,INDIGO,389,2555.3438875385928,2.5553438875385925,23350
2009,2 EASTERN,GREATER SHEPPARTON,4148,6827.0844991606045,6.827084499160605,22830
2009,2 EASTERN,EAST GIPPSLAND,2473,5901.584574264986,5.901584574264986,22110
2009,2 EASTERN,BOROONDARA,5955,3602.889571888386,3.6028895718883858,21110
2009,2 EASTERN,BENALLA,862,6248.187880545085,6.2481878805450854,21010
2009,2 EASTERN,BAW BAW,1718,4240.300128344357,4.240300128344357,20830
2009,2 EASTERN,BASS COAST,1895,6634.921746437451,6.634921746437451,20740
2009,2 EASTERN,ALPINE,374,3087.8467635402903,3.0878467635402904,20110
2018,3 SOUTHERN METRO,STONNINGTON,8349,7189.103893259923,7.189103893259923,26350
2018,3 SOUTHERN METRO,PORT PHILLIP,9967,8838.555922501571,8.838555922501572,25900
2018,3 SOUTHERN METRO,MORNINGTON PENINSULA,8160,4936.046538079786,4.936046538079786,25340
2018,3 SOUTHERN METRO,KINGSTON,8531,5214.065410649891,5.214065410649892,23430
2018,3 SOUTHERN METRO,GREATER DANDENONG,14119,8449.236485257223,8.449236485257222,22670
2018,3 SOUTHERN METRO,GLEN EIRA,4986,3236.406049817009,3.236406049817009,22310
2018,3 SOUTHERN METRO,FRANKSTON,11308,7966.629319137959,7.966629319137959,22170
2018,3 SOUTHERN METRO,CASEY,16004,4695.327331798918,4.695327331798918,21610
2018,3 SOUTHERN METRO,CARDINIA,4515,4175.413690623884,4.175413690623883,21450
2018,3 SOUTHERN METRO,BAYSIDE,3701,3521.711134576856,3.5217111345768557,20910
2017,3 SOUTHERN METRO,STONNINGTON,7890,6912.684644903537,6.912684644903537,26350
2017,3 SOUTHERN METRO,PORT PHILLIP,9682,8770.165855956231,8.77016585595623,25900
2017,3 SOUTHERN METRO,MORNINGTON PENINSULA,8470,5191.509705732726,5.1915097057327255,25340
2017,3 SOUTHERN METRO,KINGSTON,7693,4775.620930044882,4.775620930044882,23430
2017,3 SOUTHERN METRO,GREATER DANDENONG,13668,8326.63206374735,8.326632063747349,22670
2017,3 SOUTHERN METRO,GLEN EIRA,5348,3524.310360734385,3.5243103607343853,22310
2017,3 SOUTHERN METRO,FRANKSTON,10707,7609.3754441822775,7.609375444182278,22170
2017,3 SOUTHERN METRO,CASEY,15082,4606.878856374855,4.606878856374855,21610
2017,3 SOUTHERN METRO,CARDINIA,4341,4234.460962191268,4.234460962191267,21450
2017,3 SOUTHERN METRO,BAYSIDE,3832,3683.5528213015477,3.683552821301548,20910
2016,3 SOUTHERN METRO,STONNINGTON,9174,8219.988172678888,8.219988172678889,26350
2016,3 SOUTHERN METRO,PORT PHILLIP,10491,9663.958436964573,9.663958436964572,25900
2016,3 SOUTHERN METRO,MORNINGTON PENINSULA,9120,5669.455806840646,5.669455806840646,25340
2016,3 SOUTHERN METRO,KINGSTON,8644,5435.691692396697,5.435691692396698,23430
2016,3 SOUTHERN METRO,GREATER DANDENONG,15491,9624.608578955216,9.624608578955216,22670
2016,3 SOUTHERN METRO,GLEN EIRA,5676,3809.0892008697288,3.8090892008697286,22310
2016,3 SOUTHERN METRO,FRANKSTON,12495,8956.283017109761,8.956283017109762,22170
2016,3 SOUTHERN METRO,CASEY,18201,5805.352751490331,5.8053527514903305,21610
2016,3 SOUTHERN METRO,CARDINIA,5386,5517.029449423816,5.517029449423816,21450
2016,3 SOUTHERN METRO,BAYSIDE,4207,4094.921985263343,4.094921985263343,20910
2015,3 SOUTHERN METRO,STONNINGTON,7775,7159.629817210737,7.159629817210737,26350
2015,3 SOUTHERN METRO,PORT PHILLIP,9807,9214.334034876729,9.214334034876728,25900
2015,3 SOUTHERN METRO,MORNINGTON PENINSULA,8137,5135.244298029712,5.135244298029712,25340
2015,3 SOUTHERN METRO,KINGSTON,8067,5155.917449076766,5.1559174490767665,23430
2015,3 SOUTHERN METRO,GREATER DANDENONG,13525,8625.63775510204,8.625637755102039,22670
2015,3 SOUTHERN METRO,GLEN EIRA,5141,3511.3721740318283,3.511372174031828,22310
2015,3 SOUTHERN METRO,FRANKSTON,10926,7921.2945509381425,7.921294550938143,22170
2015,3 SOUTHERN METRO,CASEY,15160,5046.470133951159,5.04647013395116,21610
2015,3 SOUTHERN METRO,CARDINIA,4680,5063.291139240507,5.063291139240507,21450
2015,3 SOUTHERN METRO,BAYSIDE,3645,3600.81796358679,3.60081796358679,20910
2014,3 SOUTHERN METRO,STONNINGTON,7158,6733.51896447923,6.73351896447923,26350
2014,3 SOUTHERN METRO,PORT PHILLIP,9082,8693.32159163787,8.69332159163787,25900
2014,3 SOUTHERN METRO,MORNINGTON PENINSULA,7685,4920.163386557742,4.920163386557743,25340
2014,3 SOUTHERN METRO,KINGSTON,7173,4647.1701046957605,4.6471701046957605,23430
2014,3 SOUTHERN METRO,GREATER DANDENONG,12061,7900.201091263993,7.900201091263993,22670
2014,3 SOUTHERN METRO,GLEN EIRA,4329,3005.436027742486,3.005436027742486,22310
2014,3 SOUTHERN METRO,FRANKSTON,10630,7800.689807000807,7.800689807000808,22170
2014,3 SOUTHERN METRO,CASEY,12928,4480.286117281747,4.4802861172817465,21610
2014,3 SOUTHERN METRO,CARDINIA,3862,4381.019364060213,4.381019364060213,21450
2014,3 SOUTHERN METRO,BAYSIDE,3232,3240.0352875130325,3.2400352875130323,20910
2013,3 SOUTHERN METRO,STONNINGTON,7442,7174.671731292057,7.174671731292057,26350
2013,3 SOUTHERN METRO,PORT PHILLIP,8784,8599.624060150376,8.599624060150376,25900
2013,3 SOUTHERN METRO,MORNINGTON PENINSULA,7521,4891.389177939646,4.891389177939646,25340
2013,3 SOUTHERN METRO,KINGSTON,7329,4809.307575200798,4.809307575200798,23430
2013,3 SOUTHERN METRO,GREATER DANDENONG,12485,8389.498511594778,8.389498511594779,22670
2013,3 SOUTHERN METRO,GLEN EIRA,4735,3347.4016104289058,3.3474016104289057,22310
2013,3 SOUTHERN METRO,FRANKSTON,10782,8023.754241828898,8.023754241828899,22170
2013,3 SOUTHERN METRO,CASEY,12059,4332.190919607125,4.332190919607124,21610
2013,3 SOUTHERN METRO,CARDINIA,4346,5135.71960341751,5.1357196034175105,21450
2013,3 SOUTHERN METRO,BAYSIDE,3490,3554.0076782859296,3.5540076782859296,20910
2012,3 SOUTHERN METRO,STONNINGTON,7291,7179.360937423072,7.179360937423072,26350
2012,3 SOUTHERN METRO,PORT PHILLIP,8836,8844.667774418931,8.84466777441893,25900
2012,3 SOUTHERN METRO,MORNINGTON PENINSULA,7355,4851.583113456464,4.851583113456464,25340
2012,3 SOUTHERN METRO,KINGSTON,7480,4970.529015795384,4.9705290157953845,23430
2012,3 SOUTHERN METRO,GREATER DANDENONG,11786,8111.772600571252,8.111772600571252,22670
2012,3 SOUTHERN METRO,GLEN EIRA,4621,3318.873263714323,3.318873263714323,22310
2012,3 SOUTHERN METRO,FRANKSTON,10539,7970.444541920651,7.970444541920651,22170
2012,3 SOUTHERN METRO,CASEY,11798,4378.597646290365,4.378597646290365,21610
2012,3 SOUTHERN METRO,CARDINIA,3818,4745.745857727064,4.745745857727064,21450
2012,3 SOUTHERN METRO,BAYSIDE,3504,3613.9359310216796,3.6139359310216794,20910
2011,3 SOUTHERN METRO,STONNINGTON,6805,6883.959009842898,6.883959009842898,26350
2011,3 SOUTHERN METRO,PORT PHILLIP,8261,8492.33109914059,8.492331099140591,25900
2011,3 SOUTHERN METRO,MORNINGTON PENINSULA,6990,4682.758204875696,4.682758204875696,25340
2011,3 SOUTHERN METRO,KINGSTON,6709,4523.815945625202,4.523815945625202,23430
2011,3 SOUTHERN METRO,GREATER DANDENONG,11009,7743.709862344988,7.743709862344988,22670
2011,3 SOUTHERN METRO,GLEN EIRA,4402,3209.577694820345,3.209577694820345,22310
2011,3 SOUTHERN METRO,FRANKSTON,9246,7093.210586881472,7.093210586881472,22170
2011,3 SOUTHERN METRO,CASEY,10944,4188.57785840586,4.18857785840586,21610
2011,3 SOUTHERN METRO,CARDINIA,3348,4415.080903588242,4.415080903588242,21450
2011,3 SOUTHERN METRO,BAYSIDE,3004,3125.2926060404293,3.1252926060404294,20910
2010,3 SOUTHERN METRO,STONNINGTON,7759,7858.966048132242,7.858966048132242,26350
2010,3 SOUTHERN METRO,PORT PHILLIP,8653,8978.469520103761,8.978469520103761,25900
2010,3 SOUTHERN METRO,MORNINGTON PENINSULA,7204,4849.806788652368,4.8498067886523675,25340
2010,3 SOUTHERN METRO,KINGSTON,6804,4615.791651685469,4.615791651685469,23430
2010,3 SOUTHERN METRO,GREATER DANDENONG,11017,7857.387384817276,7.857387384817276,22670
2010,3 SOUTHERN METRO,GLEN EIRA,4900,3589.349155770428,3.589349155770428,22310
2010,3 SOUTHERN METRO,FRANKSTON,9693,7510.925828348263,7.510925828348263,22170
2010,3 SOUTHERN METRO,CASEY,10896,4281.823862051079,4.28182386205108,21610
2010,3 SOUTHERN METRO,CARDINIA,3293,4584.435472643742,4.584435472643742,21450
2010,3 SOUTHERN METRO,BAYSIDE,2991,3128.857459673201,3.128857459673201,20910
2009,3 SOUTHERN METRO,STONNINGTON,7569,7708.838327256432,7.708838327256433,26350
2009,3 SOUTHERN METRO,PORT PHILLIP,8853,9292.341926274246,9.292341926274247,25900
2009,3 SOUTHERN METRO,MORNINGTON PENINSULA,6918,4706.058420973864,4.706058420973863,25340
2009,3 SOUTHERN METRO,KINGSTON,7648,5236.562820951729,5.236562820951729,23430
2009,3 SOUTHERN METRO,GREATER DANDENONG,10639,7668.300418048148,7.6683004180481475,22670
2009,3 SOUTHERN METRO,GLEN EIRA,5055,3732.996588240507,3.7329965882405074,22310
2009,3 SOUTHERN METRO,FRANKSTON,9935,7807.342910131078,7.807342910131077,22170
2009,3 SOUTHERN METRO,CASEY,11260,4564.655137466657,4.564655137466657,21610
2009,3 SOUTHERN METRO,CARDINIA,3171,4670.859785826865,4.670859785826865,21450
2009,3 SOUTHERN METRO,BAYSIDE,3284,3462.308908803374,3.462308908803374,20910
2018,4 WESTERN,YARRIAMBIACK,336,5087.504037820451,5.087504037820451,27630
2018,4 WESTERN,WEST WIMMERA,128,3339.391144960687,3.339391144960687,26890
2018,4 WESTERN,WARRNAMBOOL,2916,8354.336345264588,8.354336345264588,26730
2018,4 WESTERN,SWAN HILL,1783,8549.303224540548,8.549303224540548,26610
2018,4 WESTERN,SURF COAST,877,2726.998761401562,2.7269987614015623,26490
2018,4 WESTERN,SOUTHERN GRAMPIANS,1117,7001.13063897138,7.00113063897138,26260
2018,4 WESTERN,QUEENSCLIFFE,101,3364.6253483303253,3.3646253483303252,26080
2018,4 WESTERN,PYRENEES,340,4601.66545517751,4.60166545517751,25990
2018,4 WESTERN,NORTHERN GRAMPIANS,769,6721.528557144101,6.721528557144101,25810
2018,4 WESTERN,MOYNE,428,2546.4290365611987,2.546429036561199,25490
2018,4 WESTERN,MOUNT ALEXANDER,696,3579.9757607751353,3.5799757607751355,25430
2018,4 WESTERN,MOORABOOL,1767,5133.769356501831,5.133769356501831,25150
2018,4 WESTERN,MILDURA,5569,10030.751783482587,10.030751783482586,24780
2018,4 WESTERN,MACEDON RANGES,1664,3367.34399264255,3.36734399264255,24130
2018,4 WESTERN,LODDON,390,5203.685346211904,5.203685346211905,23940
2018,4 WESTERN,HORSHAM,1577,7917.407865274617,7.917407865274616,23190
2018,4 WESTERN,HINDMARSH,256,4552.811002524853,4.552811002524853,22980
2018,4 WESTERN,HEPBURN,603,3803.10555806455,3.80310555806455,22910
2018,4 WESTERN,GREATER GEELONG,16059,6401.718685704383,6.401718685704383,22750
2018,4 WESTERN,GREATER BENDIGO,7755,6699.313648750227,6.699313648750227,22620
2018,4 WESTERN,GOLDEN PLAINS,507,2205.029690273786,2.205029690273786,22490
2018,4 WESTERN,GLENELG,1035,5271.580400902922,5.271580400902922,22410
2018,4 WESTERN,GANNAWARRA,523,4960.742222714084,4.960742222714084,22250
2018,4 WESTERN,CORANGAMITE,541,3381.9067548003663,3.3819067548003665,21830
2018,4 WESTERN,COLAC-OTWAY,1272,5922.681860311925,5.922681860311926,21750
2018,4 WESTERN,CENTRAL GOLDFIELDS,972,7400.448553583031,7.400448553583031,21670
2018,4 WESTERN,CAMPASPE,2843,7572.183105338792,7.572183105338793,21370
2018,4 WESTERN,BULOKE,182,2992.978071562112,2.9929780715621117,21270
2018,4 WESTERN,BALLARAT,8084,7524.491500156312,7.524491500156312,20570
2018,4 WESTERN,ARARAT,900,7648.344448598431,7.648344448598431,20260
2017,4 WESTERN,YARRIAMBIACK,355,5319.9460512513115,5.3199460512513115,27630
2017,4 WESTERN,WEST WIMMERA,126,3258.33979829325,3.25833979829325,26890
2017,4 WESTERN,WARRNAMBOOL,2653,7677.615395745912,7.677615395745912,26730
2017,4 WESTERN,SWAN HILL,1773,8504.004988248837,8.504004988248836,26610
2017,4 WESTERN,SURF COAST,984,3141.3612565445023,3.1413612565445024,26490
2017,4 WESTERN,SOUTHERN GRAMPIANS,984,6130.459161422964,6.130459161422964,26260
2017,4 WESTERN,QUEENSCLIFFE,126,4294.478527607362,4.294478527607362,26080
2017,4 WESTERN,PYRENEES,359,4886.348169320811,4.8863481693208115,25990
2017,4 WESTERN,NORTHERN GRAMPIANS,842,7323.012697860498,7.323012697860498,25810
2017,4 WESTERN,MOYNE,465,2777.611851143898,2.7776118511438983,25490
2017,4 WESTERN,MOUNT ALEXANDER,771,4021.6994418653176,4.021699441865318,25430
2017,4 WESTERN,MOORABOOL,1738,5200.789993416722,5.200789993416722,25150
2017,4 WESTERN,MILDURA,4806,8726.916162771695,8.726916162771694,24780
2017,4 WESTERN,MACEDON RANGES,1599,3301.1272141706927,3.301127214170693,24130
2017,4 WESTERN,LODDON,293,3904.0639573617586,3.9040639573617586,23940
2017,4 WESTERN,HORSHAM,1575,7941.309937982151,7.941309937982151,23190
2017,4 WESTERN,HINDMARSH,278,4896.952615818213,4.896952615818213,22980
2017,4 WESTERN,HEPBURN,660,4212.407454684707,4.212407454684707,22910
2017,4 WESTERN,GREATER GEELONG,17132,6998.423189731942,6.998423189731942,22750
2017,4 WESTERN,GREATER BENDIGO,7206,6342.360738269802,6.342360738269802,22620
2017,4 WESTERN,GOLDEN PLAINS,497,2210.8540925266902,2.21085409252669,22490
2017,4 WESTERN,GLENELG,1243,6327.631846874364,6.327631846874364,22410
2017,4 WESTERN,GANNAWARRA,445,4212.818328126479,4.212818328126479,22250
2017,4 WESTERN,CORANGAMITE,709,4407.559368394877,4.407559368394877,21830
2017,4 WESTERN,COLAC-OTWAY,1382,6447.098339242396,6.4470983392423955,21750
2017,4 WESTERN,CENTRAL GOLDFIELDS,859,6570.794767842117,6.570794767842117,21670
2017,4 WESTERN,CAMPASPE,2507,6691.9360435629815,6.691936043562982,21370
2017,4 WESTERN,BULOKE,158,2568.6880182084215,2.5686880182084213,21270
2017,4 WESTERN,BALLARAT,8960,8506.75983594106,8.506759835941061,20570
2017,4 WESTERN,ARARAT,913,7788.108845858568,7.788108845858568,20260
2016,4 WESTERN,YARRIAMBIACK,330,4897.59572573464,4.89759572573464,27630
2016,4 WESTERN,WEST WIMMERA,108,2760.7361963190183,2.7607361963190185,26890
2016,4 WESTERN,WARRNAMBOOL,2494,7282.815009490437,7.282815009490437,26730
2016,4 WESTERN,SWAN HILL,1735,8299.846919249903,8.299846919249903,26610
2016,4 WESTERN,SURF COAST,1089,3576.942026605354,3.5769420266053538,26490
2016,4 WESTERN,SOUTHERN GRAMPIANS,988,6149.632764845014,6.149632764845014,26260
2016,4 WESTERN,QUEENSCLIFFE,124,4269.972451790633,4.2699724517906334,26080
2016,4 WESTERN,PYRENEES,391,5355.43076290919,5.35543076290919,25990
2016,4 WESTERN,NORTHERN GRAMPIANS,936,8084.996112982638,8.084996112982639,25810
2016,4 WESTERN,MOYNE,488,2923.381057928473,2.923381057928473,25490
2016,4 WESTERN,MOUNT ALEXANDER,963,5077.5071180006325,5.077507118000632,25430
2016,4 WESTERN,MOORABOOL,2003,6133.2598444485275,6.133259844448528,25150
2016,4 WESTERN,MILDURA,5091,9330.327688585881,9.330327688585882,24780
2016,4 WESTERN,MACEDON RANGES,1647,3466.492675534602,3.4664926755346017,24130
2016,4 WESTERN,LODDON,382,5056.254136333553,5.056254136333553,23940
2016,4 WESTERN,HORSHAM,1880,9486.80425896957,9.48680425896957,23190
2016,4 WESTERN,HINDMARSH,235,4093.363525518202,4.093363525518202,22980
2016,4 WESTERN,HEPBURN,729,4685.08997429306,4.68508997429306,22910
2016,4 WESTERN,GREATER GEELONG,18635,7810.0442995268295,7.8100442995268295,22750
2016,4 WESTERN,GREATER BENDIGO,7932,7095.891146238694,7.095891146238694,22620
2016,4 WESTERN,GOLDEN PLAINS,646,2945.870764740754,2.945870764740754,22490
2016,4 WESTERN,GLENELG,1376,6975.565243840617,6.975565243840617,22410
2016,4 WESTERN,GANNAWARRA,491,4648.300672157531,4.648300672157531,22250
2016,4 WESTERN,CORANGAMITE,735,4555.879253703589,4.555879253703589,21830
2016,4 WESTERN,COLAC-OTWAY,1444,6760.616133714125,6.760616133714125,21750
2016,4 WESTERN,CENTRAL GOLDFIELDS,1013,7785.121426375653,7.785121426375653,21670
2016,4 WESTERN,CAMPASPE,2815,7520.906249165086,7.520906249165086,21370
2016,4 WESTERN,BULOKE,169,2712.680577849117,2.712680577849117,21270
2016,4 WESTERN,BALLARAT,9475,9162.822632897192,9.162822632897193,20570
2016,4 WESTERN,ARARAT,868,7414.367472452379,7.414367472452379,20260
2015,4 WESTERN,YARRIAMBIACK,315,4612.681212476205,4.612681212476205,27630
2015,4 WESTERN,WEST WIMMERA,103,2602.324406265791,2.602324406265791,26890
2015,4 WESTERN,WARRNAMBOOL,2159,6342.35186980406,6.34235186980406,26730
2015,4 WESTERN,SWAN HILL,1617,7729.815000717052,7.729815000717052,26610
2015,4 WESTERN,SURF COAST,1140,3846.28361280745,3.8462836128074502,26490
2015,4 WESTERN,SOUTHERN GRAMPIANS,799,4952.8886684849995,4.9528886684849995,26260
2015,4 WESTERN,QUEENSCLIFFE,154,5281.207133058985,5.281207133058985,26080
2015,4 WESTERN,PYRENEES,357,4976.303317535545,4.976303317535545,25990
2015,4 WESTERN,NORTHERN GRAMPIANS,811,6954.806620358459,6.954806620358459,25810
2015,4 WESTERN,MOYNE,408,2461.835515597659,2.461835515597659,25490
2015,4 WESTERN,MOUNT ALEXANDER,743,3971.9875975622795,3.9719875975622796,25430
2015,4 WESTERN,MOORABOOL,1603,5045.799364160031,5.045799364160031,25150
2015,4 WESTERN,MILDURA,4681,8647.060996785753,8.647060996785752,24780
2015,4 WESTERN,MACEDON RANGES,1516,3264.216351226234,3.264216351226234,24130
2015,4 WESTERN,LODDON,313,4152.845959931006,4.152845959931006,23940
2015,4 WESTERN,HORSHAM,1972,9981.272460393784,9.981272460393784,23190
2015,4 WESTERN,HINDMARSH,162,2803.2531579858105,2.8032531579858104,22980
2015,4 WESTERN,HEPBURN,584,3798.3739837398375,3.7983739837398374,22910
2015,4 WESTERN,GREATER GEELONG,15474,6658.032537186277,6.658032537186277,22750
2015,4 WESTERN,GREATER BENDIGO,6349,5791.509313484027,5.791509313484027,22620
2015,4 WESTERN,GOLDEN PLAINS,543,2544.517338331771,2.544517338331771,22490
2015,4 WESTERN,GLENELG,1228,6228.443903428687,6.228443903428687,22410
2015,4 WESTERN,GANNAWARRA,456,4325.144645736508,4.325144645736509,22250
2015,4 WESTERN,CORANGAMITE,505,3117.476387431323,3.117476387431323,21830
2015,4 WESTERN,COLAC-OTWAY,1194,5619.3524096385545,5.619352409638554,21750
2015,4 WESTERN,CENTRAL GOLDFIELDS,846,6556.614740757963,6.556614740757963,21670
2015,4 WESTERN,CAMPASPE,2332,6246.484343610211,6.246484343610211,21370
2015,4 WESTERN,BULOKE,178,2839.368320306269,2.8393683203062694,21270
2015,4 WESTERN,BALLARAT,8729,8599.491655665674,8.599491655665673,20570
2015,4 WESTERN,ARARAT,912,7845.1612903225805,7.84516129032258,20260
2014,4 WESTERN,YARRIAMBIACK,189,2729.2418772563174,2.7292418772563174,27630
2014,4 WESTERN,WEST WIMMERA,99,2459.016393442623,2.459016393442623,26890
2014,4 WESTERN,WARRNAMBOOL,1987,5887.058544678834,5.887058544678833,26730
2014,4 WESTERN,SWAN HILL,1629,7772.688233610078,7.7726882336100775,26610
2014,4 WESTERN,SURF COAST,972,3365.650969529086,3.365650969529086,26490
2014,4 WESTERN,SOUTHERN GRAMPIANS,706,4349.969192852742,4.3499691928527415,26260
2014,4 WESTERN,QUEENSCLIFFE,102,3449.4420020290836,3.4494420020290835,26080
2014,4 WESTERN,PYRENEES,347,4926.877750958398,4.926877750958398,25990
2014,4 WESTERN,NORTHERN GRAMPIANS,697,5912.7926705123855,5.912792670512386,25810
2014,4 WESTERN,MOYNE,469,2842.941140813481,2.842941140813481,25490
2014,4 WESTERN,MOUNT ALEXANDER,689,3738.064236111111,3.7380642361111107,25430
2014,4 WESTERN,MOORABOOL,1456,4685.136917977926,4.685136917977926,25150
2014,4 WESTERN,MILDURA,4661,8677.762883526957,8.677762883526958,24780
2014,4 WESTERN,MACEDON RANGES,1476,3242.6019903776446,3.2426019903776444,24130
2014,4 WESTERN,LODDON,237,3153.273017562533,3.1532730175625328,23940
2014,4 WESTERN,HORSHAM,1577,7996.957403651116,7.996957403651116,23190
2014,4 WESTERN,HINDMARSH,147,2525.3392887819964,2.5253392887819963,22980
2014,4 WESTERN,HEPBURN,494,3247.0093335086103,3.2470093335086103,22910
2014,4 WESTERN,GREATER GEELONG,15080,6633.645073594749,6.633645073594749,22750
2014,4 WESTERN,GREATER BENDIGO,6185,5741.098280919318,5.741098280919318,22620
2014,4 WESTERN,GOLDEN PLAINS,466,2233.940556088207,2.233940556088207,22490
2014,4 WESTERN,GLENELG,1400,7089.684509039347,7.089684509039347,22410
2014,4 WESTERN,GANNAWARRA,427,4052.002277472006,4.052002277472006,22250
2014,4 WESTERN,CORANGAMITE,474,2911.190271465422,2.911190271465422,21830
2014,4 WESTERN,COLAC-OTWAY,1100,5202.913631633715,5.202913631633716,21750
2014,4 WESTERN,CENTRAL GOLDFIELDS,805,6266.0543317506035,6.2660543317506034,21670
2014,4 WESTERN,CAMPASPE,2330,6253.354804079442,6.253354804079442,21370
2014,4 WESTERN,BULOKE,180,2853.971777390201,2.853971777390201,21270
2014,4 WESTERN,BALLARAT,7533,7539.25758379455,7.53925758379455,20570
2014,4 WESTERN,ARARAT,798,6912.0831528800345,6.912083152880035,20260
2013,4 WESTERN,YARRIAMBIACK,215,3057.8865026312046,3.0578865026312045,27630
2013,4 WESTERN,WEST WIMMERA,121,2940.461725394897,2.9404617253948966,26890
2013,4 WESTERN,WARRNAMBOOL,1913,5722.576206287954,5.722576206287954,26730
2013,4 WESTERN,SWAN HILL,1437,6839.60019038553,6.83960019038553,26610
2013,4 WESTERN,SURF COAST,973,3447.17636221923,3.4471763622192304,26490
2013,4 WESTERN,SOUTHERN GRAMPIANS,882,5399.118511263467,5.399118511263467,26260
2013,4 WESTERN,QUEENSCLIFFE,73,2439.0243902439024,2.4390243902439024,26080
2013,4 WESTERN,PYRENEES,316,4557.911438049906,4.5579114380499055,25990
2013,4 WESTERN,NORTHERN GRAMPIANS,683,5746.739587715608,5.7467395877156076,25810
2013,4 WESTERN,MOYNE,432,2631.5789473684213,2.6315789473684212,25490
2013,4 WESTERN,MOUNT ALEXANDER,648,3561.0265428367316,3.5610265428367316,25430
2013,4 WESTERN,MOORABOOL,1502,4939.32717287645,4.9393271728764505,25150
2013,4 WESTERN,MILDURA,4536,8537.870802589972,8.537870802589973,24780
2013,4 WESTERN,MACEDON RANGES,1389,3113.3724839736406,3.1133724839736407,24130
2013,4 WESTERN,LODDON,260,3457.9066365208137,3.4579066365208138,23940
2013,4 WESTERN,HORSHAM,1347,6847.643739515022,6.847643739515022,23190
2013,4 WESTERN,HINDMARSH,184,3153.3847472150815,3.1533847472150813,22980
2013,4 WESTERN,HEPBURN,523,3477.8560978853566,3.4778560978853568,22910
2013,4 WESTERN,GREATER GEELONG,13563,6081.4900838934445,6.081490083893445,22750
2013,4 WESTERN,GREATER BENDIGO,6059,5727.980033844146,5.727980033844147,22620
2013,4 WESTERN,GOLDEN PLAINS,402,1977.2760808617384,1.9772760808617384,22490
2013,4 WESTERN,GLENELG,1184,5983.72668924041,5.98372668924041,22410
2013,4 WESTERN,GANNAWARRA,413,3923.6177085312556,3.9236177085312556,22250
2013,4 WESTERN,CORANGAMITE,456,2785.923753665689,2.7859237536656893,21830
2013,4 WESTERN,COLAC-OTWAY,1021,4853.353615059182,4.853353615059182,21750
2013,4 WESTERN,CENTRAL GOLDFIELDS,811,6342.378978650191,6.342378978650191,21670
2013,4 WESTERN,CAMPASPE,2100,5652.150508693546,5.652150508693546,21370
2013,4 WESTERN,BULOKE,187,2937.0190042406157,2.9370190042406157,21270
2013,4 WESTERN,BALLARAT,8110,8248.324400191206,8.248324400191207,20570
2013,4 WESTERN,ARARAT,875,7625.272331154683,7.625272331154683,20260
2012,4 WESTERN,YARRIAMBIACK,274,3861.330326944758,3.861330326944758,27630
2012,4 WESTERN,WEST WIMMERA,134,3182.897862232779,3.182897862232779,26890
2012,4 WESTERN,WARRNAMBOOL,1828,5528.002903108746,5.528002903108746,26730
2012,4 WESTERN,SWAN HILL,1381,6583.087043569454,6.583087043569455,26610
2012,4 WESTERN,SURF COAST,1163,4224.175504867064,4.2241755048670635,26490
2012,4 WESTERN,SOUTHERN GRAMPIANS,799,4856.257217528718,4.856257217528718,26260
2012,4 WESTERN,QUEENSCLIFFE,112,3669.724770642202,3.669724770642202,26080
2012,4 WESTERN,PYRENEES,248,3615.687417990961,3.615687417990961,25990
2012,4 WESTERN,NORTHERN GRAMPIANS,654,5461.833973609488,5.461833973609488,25810
2012,4 WESTERN,MOYNE,536,3288.3435582822085,3.2883435582822087,25490
2012,4 WESTERN,MOUNT ALEXANDER,649,3599.356663523931,3.5993566635239307,25430
2012,4 WESTERN,MOORABOOL,1352,4603.806994245241,4.603806994245241,25150
2012,4 WESTERN,MILDURA,4596,8759.45796565591,8.75945796565591,24780
2012,4 WESTERN,MACEDON RANGES,1320,3012.87318542865,3.0128731854286497,24130
2012,4 WESTERN,LODDON,333,4421.723542690213,4.421723542690214,23940
2012,4 WESTERN,HORSHAM,1416,7224.489795918367,7.224489795918367,23190
2012,4 WESTERN,HINDMARSH,199,3401.128012305589,3.401128012305589,22980
2012,4 WESTERN,HEPBURN,555,3740.9005122674575,3.7409005122674577,22910
2012,4 WESTERN,GREATER GEELONG,13463,6146.983352966424,6.146983352966424,22750
2012,4 WESTERN,GREATER BENDIGO,5648,5439.660984301262,5.439660984301262,22620
2012,4 WESTERN,GOLDEN PLAINS,376,1919.346605410924,1.919346605410924,22490
2012,4 WESTERN,GLENELG,1093,5514.075269902129,5.514075269902128,22410
2012,4 WESTERN,GANNAWARRA,423,4028.955138584627,4.028955138584627,22250
2012,4 WESTERN,CORANGAMITE,543,3300.510576221736,3.3005105762217357,21830
2012,4 WESTERN,COLAC-OTWAY,1183,5658.6625849038555,5.658662584903856,21750
2012,4 WESTERN,CENTRAL GOLDFIELDS,772,6077.783026295072,6.077783026295072,21670
2012,4 WESTERN,CAMPASPE,2233,6032.526475037822,6.032526475037822,21370
2012,4 WESTERN,BULOKE,236,3673.723536737235,3.673723536737235,21270
2012,4 WESTERN,BALLARAT,8179,8455.494675901995,8.455494675901996,20570
2012,4 WESTERN,ARARAT,934,8196.577446248355,8.196577446248355,20260
2011,4 WESTERN,YARRIAMBIACK,285,3967.701517471808,3.967701517471808,27630
2011,4 WESTERN,WEST WIMMERA,100,2332.633543270352,2.332633543270352,26890
2011,4 WESTERN,WARRNAMBOOL,1826,5589.738880215507,5.589738880215507,26730
2011,4 WESTERN,SWAN HILL,1332,6383.896477354421,6.383896477354421,26610
2011,4 WESTERN,SURF COAST,981,3678.8419710492763,3.6788419710492763,26490
2011,4 WESTERN,SOUTHERN GRAMPIANS,859,5183.754752278076,5.183754752278076,26260
2011,4 WESTERN,QUEENSCLIFFE,92,3005.5537406076446,3.0055537406076445,26080
2011,4 WESTERN,PYRENEES,209,3092.1733984317207,3.092173398431721,25990
2011,4 WESTERN,NORTHERN GRAMPIANS,787,6528.953044632487,6.528953044632487,25810
2011,4 WESTERN,MOYNE,442,2733.9642481598316,2.7339642481598316,25490
2011,4 WESTERN,MOUNT ALEXANDER,738,4129.364368845121,4.129364368845121,25430
2011,4 WESTERN,MOORABOOL,1094,3815.8353679804673,3.8158353679804673,25150
2011,4 WESTERN,MILDURA,4478,8641.117672031183,8.641117672031184,24780
2011,4 WESTERN,MACEDON RANGES,1167,2721.3581139379244,2.7213581139379244,24130
2011,4 WESTERN,LODDON,331,4386.429896633978,4.386429896633978,23940
2011,4 WESTERN,HORSHAM,1231,6305.383393945603,6.305383393945602,23190
2011,4 WESTERN,HINDMARSH,172,2937.158469945355,2.9371584699453552,22980
2011,4 WESTERN,HEPBURN,503,3438.3758288331396,3.4383758288331396,22910
2011,4 WESTERN,GREATER GEELONG,12511,5796.503843177953,5.796503843177953,22750
2011,4 WESTERN,GREATER BENDIGO,5049,4950.242658953871,4.950242658953871,22620
2011,4 WESTERN,GOLDEN PLAINS,296,1561.3461335583922,1.5613461335583922,22490
2011,4 WESTERN,GLENELG,1235,6222.289399435712,6.222289399435712,22410
2011,4 WESTERN,GANNAWARRA,444,4247.5844255237735,4.247584425523773,22250
2011,4 WESTERN,CORANGAMITE,522,3158.6590826576307,3.1586590826576306,21830
2011,4 WESTERN,COLAC-OTWAY,1091,5245.4444925236785,5.245444492523679,21750
2011,4 WESTERN,CENTRAL GOLDFIELDS,677,5381.985849431592,5.381985849431592,21670
2011,4 WESTERN,CAMPASPE,1895,5141.771808438475,5.141771808438475,21370
2011,4 WESTERN,BULOKE,221,3418.4068058778034,3.4184068058778037,21270
2011,4 WESTERN,BALLARAT,8179,8592.740452802438,8.592740452802438,20570
2011,4 WESTERN,ARARAT,802,7081.052445700159,7.081052445700159,20260
2010,4 WESTERN,YARRIAMBIACK,273,3733.588621444201,3.733588621444201,27630
2010,4 WESTERN,WEST WIMMERA,89,2035.2160987880175,2.0352160987880175,26890
2010,4 WESTERN,WARRNAMBOOL,2005,6194.0067964164355,6.194006796416436,26730
2010,4 WESTERN,SWAN HILL,1660,7911.543227528357,7.911543227528357,26610
2010,4 WESTERN,SURF COAST,1047,4048.567340783419,4.048567340783419,26490
2010,4 WESTERN,SOUTHERN GRAMPIANS,742,4441.783897036815,4.441783897036815,26260
2010,4 WESTERN,QUEENSCLIFFE,95,3105.590062111801,3.1055900621118013,26080
2010,4 WESTERN,PYRENEES,227,3363.9596917605218,3.3639596917605217,25990
2010,4 WESTERN,NORTHERN GRAMPIANS,816,6736.56402212499,6.736564022124989,25810
2010,4 WESTERN,MOYNE,488,3034.448451685114,3.034448451685114,25490
2010,4 WESTERN,MOUNT ALEXANDER,674,3785.2409300235877,3.785240930023588,25430
2010,4 WESTERN,MOORABOOL,1054,3757.9776803223162,3.757977680322316,25150
2010,4 WESTERN,MILDURA,4768,9235.835351089589,9.23583535108959,24780
2010,4 WESTERN,MACEDON RANGES,1275,3019.681216398645,3.019681216398645,24130
2010,4 WESTERN,LODDON,297,3880.831046648373,3.8808310466483733,23940
2010,4 WESTERN,HORSHAM,1447,7462.609592573492,7.462609592573492,23190
2010,4 WESTERN,HINDMARSH,169,2838.427947598253,2.838427947598253,22980
2010,4 WESTERN,HEPBURN,545,3742.8748025547698,3.74287480255477,22910
2010,4 WESTERN,GREATER GEELONG,12143,5712.068113930899,5.712068113930899,22750
2010,4 WESTERN,GREATER BENDIGO,4953,4928.063996179332,4.928063996179332,22620
2010,4 WESTERN,GOLDEN PLAINS,344,1865.40860040128,1.86540860040128,22490
2010,4 WESTERN,GLENELG,1184,5935.134593212692,5.935134593212692,22410
2010,4 WESTERN,GANNAWARRA,517,4835.390946502058,4.8353909465020575,22250
2010,4 WESTERN,CORANGAMITE,541,3266.3164885588358,3.266316488558836,21830
2010,4 WESTERN,COLAC-OTWAY,1080,5178.614241189163,5.178614241189163,21750
2010,4 WESTERN,CENTRAL GOLDFIELDS,778,6174.603174603175,6.174603174603175,21670
2010,4 WESTERN,CAMPASPE,2093,5660.887674789711,5.660887674789711,21370
2010,4 WESTERN,BULOKE,278,4198.127453941407,4.1981274539414075,21270
2010,4 WESTERN,BALLARAT,7950,8515.515376128707,8.515515376128707,20570
2010,4 WESTERN,ARARAT,788,6950.692423039605,6.950692423039605,20260
2009,4 WESTERN,YARRIAMBIACK,227,3062.601187263896,3.062601187263896,27630
2009,4 WESTERN,WEST WIMMERA,101,2281.4547097357126,2.2814547097357125,26890
2009,4 WESTERN,WARRNAMBOOL,1986,6199.275814708453,6.199275814708454,26730
2009,4 WESTERN,SWAN HILL,1595,7579.717720857292,7.579717720857292,26610
2009,4 WESTERN,SURF COAST,1239,4945.712917132364,4.945712917132364,26490
2009,4 WESTERN,SOUTHERN GRAMPIANS,670,3982.8795624777076,3.9828795624777076,26260
2009,4 WESTERN,QUEENSCLIFFE,151,4926.590538336052,4.926590538336052,26080
2009,4 WESTERN,PYRENEES,270,4017.2593364082722,4.017259336408272,25990
2009,4 WESTERN,NORTHERN GRAMPIANS,755,6230.9152430469585,6.230915243046958,25810
2009,4 WESTERN,MOYNE,387,2422.383575363044,2.4223835753630443,25490
2009,4 WESTERN,MOUNT ALEXANDER,683,3862.4667759995477,3.8624667759995477,25430
2009,4 WESTERN,MOORABOOL,1147,4178.049757767822,4.1780497577678215,25150
2009,4 WESTERN,MILDURA,3916,7622.6811749362505,7.62268117493625,24780
2009,4 WESTERN,MACEDON RANGES,1300,3126.352748785532,3.126352748785532,24130
2009,4 WESTERN,LODDON,314,4056.3234724195836,4.056323472419583,23940
2009,4 WESTERN,HORSHAM,1272,6610.195915397808,6.610195915397807,23190
2009,4 WESTERN,HINDMARSH,160,2655.6016597510375,2.6556016597510377,22980
2009,4 WESTERN,HEPBURN,546,3787.458379578246,3.787458379578246,22910
2009,4 WESTERN,GREATER GEELONG,11840,5653.467284855488,5.6534672848554886,22750
2009,4 WESTERN,GREATER BENDIGO,4988,5038.2311647121805,5.0382311647121805,22620
2009,4 WESTERN,GOLDEN PLAINS,330,1839.3623543838137,1.8393623543838138,22490
2009,4 WESTERN,GLENELG,1178,5891.472868217054,5.891472868217054,22410
2009,4 WESTERN,GANNAWARRA,466,4266.227226952303,4.266227226952303,22250
2009,4 WESTERN,CORANGAMITE,586,3525.236118630813,3.525236118630813,21830
2009,4 WESTERN,COLAC-OTWAY,1051,5042.218384187297,5.042218384187296,21750
2009,4 WESTERN,CENTRAL GOLDFIELDS,763,6061.809803765789,6.061809803765789,21670
2009,4 WESTERN,CAMPASPE,2114,5710.27254801329,5.7102725480132905,21370
2009,4 WESTERN,BULOKE,188,2784.7726262775886,2.7847726262775887,21270
2009,4 WESTERN,BALLARAT,8228,9003.173213699529,9.00317321369953,20570
2009,4 WESTERN,ARARAT,695,6133.074479350512,6.133074479350512,20260
